[
{
    "model": "admin.logentry",
    "pk": 1,
    "fields": {
        "action_time": "2025-03-07T12:46:38.394",
        "user": 11,
        "content_type": 2,
        "object_id": "1",
        "object_repr": "ClientesApp",
        "action_flag": 1,
        "change_message": "[{\"added\": {}}]"
    }
},
{
    "model": "admin.logentry",
    "pk": 2,
    "fields": {
        "action_time": "2025-03-07T12:48:16.822",
        "user": 11,
        "content_type": 2,
        "object_id": "2",
        "object_repr": "CreadorDeAplicaciones",
        "action_flag": 1,
        "change_message": "[{\"added\": {}}]"
    }
},
{
    "model": "admin.logentry",
    "pk": 3,
    "fields": {
        "action_time": "2025-03-07T13:30:02.955",
        "user": 11,
        "content_type": 2,
        "object_id": "2",
        "object_repr": "CreadorDeAplicaciones",
        "action_flag": 2,
        "change_message": "[{\"changed\": {\"fields\": [\"Permissions\"]}}]"
    }
},
{
    "model": "auth.permission",
    "pk": 1,
    "fields": {
        "name": "Can add permission",
        "content_type": 1,
        "codename": "add_permission"
    }
},
{
    "model": "auth.permission",
    "pk": 2,
    "fields": {
        "name": "Can change permission",
        "content_type": 1,
        "codename": "change_permission"
    }
},
{
    "model": "auth.permission",
    "pk": 3,
    "fields": {
        "name": "Can delete permission",
        "content_type": 1,
        "codename": "delete_permission"
    }
},
{
    "model": "auth.permission",
    "pk": 4,
    "fields": {
        "name": "Can view permission",
        "content_type": 1,
        "codename": "view_permission"
    }
},
{
    "model": "auth.permission",
    "pk": 5,
    "fields": {
        "name": "Can add group",
        "content_type": 2,
        "codename": "add_group"
    }
},
{
    "model": "auth.permission",
    "pk": 6,
    "fields": {
        "name": "Can change group",
        "content_type": 2,
        "codename": "change_group"
    }
},
{
    "model": "auth.permission",
    "pk": 7,
    "fields": {
        "name": "Can delete group",
        "content_type": 2,
        "codename": "delete_group"
    }
},
{
    "model": "auth.permission",
    "pk": 8,
    "fields": {
        "name": "Can view group",
        "content_type": 2,
        "codename": "view_group"
    }
},
{
    "model": "auth.permission",
    "pk": 9,
    "fields": {
        "name": "Can add content type",
        "content_type": 3,
        "codename": "add_contenttype"
    }
},
{
    "model": "auth.permission",
    "pk": 10,
    "fields": {
        "name": "Can change content type",
        "content_type": 3,
        "codename": "change_contenttype"
    }
},
{
    "model": "auth.permission",
    "pk": 11,
    "fields": {
        "name": "Can delete content type",
        "content_type": 3,
        "codename": "delete_contenttype"
    }
},
{
    "model": "auth.permission",
    "pk": 12,
    "fields": {
        "name": "Can view content type",
        "content_type": 3,
        "codename": "view_contenttype"
    }
},
{
    "model": "auth.permission",
    "pk": 13,
    "fields": {
        "name": "Can add mobile app",
        "content_type": 4,
        "codename": "add_mobileapp"
    }
},
{
    "model": "auth.permission",
    "pk": 14,
    "fields": {
        "name": "Can change mobile app",
        "content_type": 4,
        "codename": "change_mobileapp"
    }
},
{
    "model": "auth.permission",
    "pk": 15,
    "fields": {
        "name": "Can delete mobile app",
        "content_type": 4,
        "codename": "delete_mobileapp"
    }
},
{
    "model": "auth.permission",
    "pk": 16,
    "fields": {
        "name": "Can view mobile app",
        "content_type": 4,
        "codename": "view_mobileapp"
    }
},
{
    "model": "auth.permission",
    "pk": 17,
    "fields": {
        "name": "Can add user",
        "content_type": 5,
        "codename": "add_usuario"
    }
},
{
    "model": "auth.permission",
    "pk": 18,
    "fields": {
        "name": "Can change user",
        "content_type": 5,
        "codename": "change_usuario"
    }
},
{
    "model": "auth.permission",
    "pk": 19,
    "fields": {
        "name": "Can delete user",
        "content_type": 5,
        "codename": "delete_usuario"
    }
},
{
    "model": "auth.permission",
    "pk": 20,
    "fields": {
        "name": "Can view user",
        "content_type": 5,
        "codename": "view_usuario"
    }
},
{
    "model": "auth.permission",
    "pk": 21,
    "fields": {
        "name": "Can add creador de aplicaciones",
        "content_type": 6,
        "codename": "add_creadordeaplicaciones"
    }
},
{
    "model": "auth.permission",
    "pk": 22,
    "fields": {
        "name": "Can change creador de aplicaciones",
        "content_type": 6,
        "codename": "change_creadordeaplicaciones"
    }
},
{
    "model": "auth.permission",
    "pk": 23,
    "fields": {
        "name": "Can delete creador de aplicaciones",
        "content_type": 6,
        "codename": "delete_creadordeaplicaciones"
    }
},
{
    "model": "auth.permission",
    "pk": 24,
    "fields": {
        "name": "Can view creador de aplicaciones",
        "content_type": 6,
        "codename": "view_creadordeaplicaciones"
    }
},
{
    "model": "auth.permission",
    "pk": 25,
    "fields": {
        "name": "Can add comentario",
        "content_type": 7,
        "codename": "add_comentario"
    }
},
{
    "model": "auth.permission",
    "pk": 26,
    "fields": {
        "name": "Can change comentario",
        "content_type": 7,
        "codename": "change_comentario"
    }
},
{
    "model": "auth.permission",
    "pk": 27,
    "fields": {
        "name": "Can delete comentario",
        "content_type": 7,
        "codename": "delete_comentario"
    }
},
{
    "model": "auth.permission",
    "pk": 28,
    "fields": {
        "name": "Can view comentario",
        "content_type": 7,
        "codename": "view_comentario"
    }
},
{
    "model": "auth.permission",
    "pk": 29,
    "fields": {
        "name": "Can add cliente app",
        "content_type": 8,
        "codename": "add_clienteapp"
    }
},
{
    "model": "auth.permission",
    "pk": 30,
    "fields": {
        "name": "Can change cliente app",
        "content_type": 8,
        "codename": "change_clienteapp"
    }
},
{
    "model": "auth.permission",
    "pk": 31,
    "fields": {
        "name": "Can delete cliente app",
        "content_type": 8,
        "codename": "delete_clienteapp"
    }
},
{
    "model": "auth.permission",
    "pk": 32,
    "fields": {
        "name": "Can view cliente app",
        "content_type": 8,
        "codename": "view_clienteapp"
    }
},
{
    "model": "auth.permission",
    "pk": 33,
    "fields": {
        "name": "Can add log entry",
        "content_type": 9,
        "codename": "add_logentry"
    }
},
{
    "model": "auth.permission",
    "pk": 34,
    "fields": {
        "name": "Can change log entry",
        "content_type": 9,
        "codename": "change_logentry"
    }
},
{
    "model": "auth.permission",
    "pk": 35,
    "fields": {
        "name": "Can delete log entry",
        "content_type": 9,
        "codename": "delete_logentry"
    }
},
{
    "model": "auth.permission",
    "pk": 36,
    "fields": {
        "name": "Can view log entry",
        "content_type": 9,
        "codename": "view_logentry"
    }
},
{
    "model": "auth.permission",
    "pk": 37,
    "fields": {
        "name": "Can add session",
        "content_type": 10,
        "codename": "add_session"
    }
},
{
    "model": "auth.permission",
    "pk": 38,
    "fields": {
        "name": "Can change session",
        "content_type": 10,
        "codename": "change_session"
    }
},
{
    "model": "auth.permission",
    "pk": 39,
    "fields": {
        "name": "Can delete session",
        "content_type": 10,
        "codename": "delete_session"
    }
},
{
    "model": "auth.permission",
    "pk": 40,
    "fields": {
        "name": "Can view session",
        "content_type": 10,
        "codename": "view_session"
    }
},
{
    "model": "auth.permission",
    "pk": 41,
    "fields": {
        "name": "Can add application",
        "content_type": 11,
        "codename": "add_application"
    }
},
{
    "model": "auth.permission",
    "pk": 42,
    "fields": {
        "name": "Can change application",
        "content_type": 11,
        "codename": "change_application"
    }
},
{
    "model": "auth.permission",
    "pk": 43,
    "fields": {
        "name": "Can delete application",
        "content_type": 11,
        "codename": "delete_application"
    }
},
{
    "model": "auth.permission",
    "pk": 44,
    "fields": {
        "name": "Can view application",
        "content_type": 11,
        "codename": "view_application"
    }
},
{
    "model": "auth.permission",
    "pk": 45,
    "fields": {
        "name": "Can add access token",
        "content_type": 12,
        "codename": "add_accesstoken"
    }
},
{
    "model": "auth.permission",
    "pk": 46,
    "fields": {
        "name": "Can change access token",
        "content_type": 12,
        "codename": "change_accesstoken"
    }
},
{
    "model": "auth.permission",
    "pk": 47,
    "fields": {
        "name": "Can delete access token",
        "content_type": 12,
        "codename": "delete_accesstoken"
    }
},
{
    "model": "auth.permission",
    "pk": 48,
    "fields": {
        "name": "Can view access token",
        "content_type": 12,
        "codename": "view_accesstoken"
    }
},
{
    "model": "auth.permission",
    "pk": 49,
    "fields": {
        "name": "Can add grant",
        "content_type": 13,
        "codename": "add_grant"
    }
},
{
    "model": "auth.permission",
    "pk": 50,
    "fields": {
        "name": "Can change grant",
        "content_type": 13,
        "codename": "change_grant"
    }
},
{
    "model": "auth.permission",
    "pk": 51,
    "fields": {
        "name": "Can delete grant",
        "content_type": 13,
        "codename": "delete_grant"
    }
},
{
    "model": "auth.permission",
    "pk": 52,
    "fields": {
        "name": "Can view grant",
        "content_type": 13,
        "codename": "view_grant"
    }
},
{
    "model": "auth.permission",
    "pk": 53,
    "fields": {
        "name": "Can add refresh token",
        "content_type": 14,
        "codename": "add_refreshtoken"
    }
},
{
    "model": "auth.permission",
    "pk": 54,
    "fields": {
        "name": "Can change refresh token",
        "content_type": 14,
        "codename": "change_refreshtoken"
    }
},
{
    "model": "auth.permission",
    "pk": 55,
    "fields": {
        "name": "Can delete refresh token",
        "content_type": 14,
        "codename": "delete_refreshtoken"
    }
},
{
    "model": "auth.permission",
    "pk": 56,
    "fields": {
        "name": "Can view refresh token",
        "content_type": 14,
        "codename": "view_refreshtoken"
    }
},
{
    "model": "auth.permission",
    "pk": 57,
    "fields": {
        "name": "Can add id token",
        "content_type": 15,
        "codename": "add_idtoken"
    }
},
{
    "model": "auth.permission",
    "pk": 58,
    "fields": {
        "name": "Can change id token",
        "content_type": 15,
        "codename": "change_idtoken"
    }
},
{
    "model": "auth.permission",
    "pk": 59,
    "fields": {
        "name": "Can delete id token",
        "content_type": 15,
        "codename": "delete_idtoken"
    }
},
{
    "model": "auth.permission",
    "pk": 60,
    "fields": {
        "name": "Can view id token",
        "content_type": 15,
        "codename": "view_idtoken"
    }
},
{
    "model": "auth.group",
    "pk": 1,
    "fields": {
        "name": "ClientesApp",
        "permissions": [
            36,
            37,
            38,
            39,
            40
        ]
    }
},
{
    "model": "auth.group",
    "pk": 2,
    "fields": {
        "name": "CreadorDeAplicaciones",
        "permissions": [
            25,
            26,
            27,
            28,
            13,
            14,
            15,
            16,
            20
        ]
    }
},
{
    "model": "auth.group",
    "pk": 3,
    "fields": {
        "name": "Aministrador",
        "permissions": [
            33,
            34,
            35,
            36,
            5,
            6,
            7,
            8,
            1,
            2,
            3,
            4,
            9,
            10,
            11,
            12,
            45,
            46,
            47,
            48,
            41,
            42,
            43,
            44,
            49,
            50,
            51,
            52,
            57,
            58,
            59,
            60,
            53,
            54,
            55,
            56,
            29,
            30,
            31,
            32,
            25,
            26,
            27,
            28,
            21,
            22,
            23,
            24,
            13,
            14,
            15,
            16,
            17,
            18,
            19,
            20,
            37,
            38,
            39,
            40
        ]
    }
},
{
    "model": "contenttypes.contenttype",
    "pk": 1,
    "fields": {
        "app_label": "auth",
        "model": "permission"
    }
},
{
    "model": "contenttypes.contenttype",
    "pk": 2,
    "fields": {
        "app_label": "auth",
        "model": "group"
    }
},
{
    "model": "contenttypes.contenttype",
    "pk": 3,
    "fields": {
        "app_label": "contenttypes",
        "model": "contenttype"
    }
},
{
    "model": "contenttypes.contenttype",
    "pk": 4,
    "fields": {
        "app_label": "servidor",
        "model": "mobileapp"
    }
},
{
    "model": "contenttypes.contenttype",
    "pk": 5,
    "fields": {
        "app_label": "servidor",
        "model": "usuario"
    }
},
{
    "model": "contenttypes.contenttype",
    "pk": 6,
    "fields": {
        "app_label": "servidor",
        "model": "creadordeaplicaciones"
    }
},
{
    "model": "contenttypes.contenttype",
    "pk": 7,
    "fields": {
        "app_label": "servidor",
        "model": "comentario"
    }
},
{
    "model": "contenttypes.contenttype",
    "pk": 8,
    "fields": {
        "app_label": "servidor",
        "model": "clienteapp"
    }
},
{
    "model": "contenttypes.contenttype",
    "pk": 9,
    "fields": {
        "app_label": "admin",
        "model": "logentry"
    }
},
{
    "model": "contenttypes.contenttype",
    "pk": 10,
    "fields": {
        "app_label": "sessions",
        "model": "session"
    }
},
{
    "model": "contenttypes.contenttype",
    "pk": 11,
    "fields": {
        "app_label": "oauth2_provider",
        "model": "application"
    }
},
{
    "model": "contenttypes.contenttype",
    "pk": 12,
    "fields": {
        "app_label": "oauth2_provider",
        "model": "accesstoken"
    }
},
{
    "model": "contenttypes.contenttype",
    "pk": 13,
    "fields": {
        "app_label": "oauth2_provider",
        "model": "grant"
    }
},
{
    "model": "contenttypes.contenttype",
    "pk": 14,
    "fields": {
        "app_label": "oauth2_provider",
        "model": "refreshtoken"
    }
},
{
    "model": "contenttypes.contenttype",
    "pk": 15,
    "fields": {
        "app_label": "oauth2_provider",
        "model": "idtoken"
    }
},
{
    "model": "sessions.session",
    "pk": "5f1ah2h6cda57p3lahutxu3nqcjqluo2",
    "fields": {
        "session_data": ".eJxVjM0OwiAQhF_FcLaEXQqVHr37DGQLW0ENJP05Gd_dNulBkznNfPO9had1SX6defI5il4AiPNvOVB4ctmX-KByrzLUskx5kDsij3WWtxr5dT3YP0GiOW1vth2QZhNHIBWsA6exjUoTsA0KLjFazUAdAiKBswNHcKFFN7iLdrRLRw6JfC455LoZUaFplG5UdwLdmy0owQAaIz5fnD1Clg:1tqXD6:HhizflZJZdjmElshcbOI75ntcqrdTvkGu0tLOdR-2fM",
        "expire_date": "2025-03-21T13:53:52.170"
    }
},
{
    "model": "sessions.session",
    "pk": "63eqhit06gu97e747m69zm0ov70xtzid",
    "fields": {
        "session_data": ".eJxVjjsOwyAQRK8SUceIBYyDy_Q5A1rYdSCJjORPFeXusSU3bue9Gc1XDJwyhjKWVKrohVa6bZRpVHcB3VvbG5DgTWusuIqA65LDOvMUCm0ywDmMmN487oReOD6rTHVcphLlrsiDzvJRiT_3wz0NZJzz1mbXARpuaQBUyfntgLakDAK7pOBG5AwDdhq0RvAuMoFPVvvob8Yjid8fZvBCmA:1tqW8s:0-zm-xT4RRpB38RvYjpwc6a-XeniJkMib_0KUeYWCcI",
        "expire_date": "2025-03-21T12:45:26.745"
    }
},
{
    "model": "sessions.session",
    "pk": "6z0ruyadli7jb53oydm1oho1umx5es40",
    "fields": {
        "session_data": ".eJxVjEsOgzAMBa9SZV0i24GkYdl9z4BMbEraCiQ-q6p3L0hs2L6ZeV_Taeq5yUNOeTS1IaCqAFdAuKCroawhWHIUIpiraXhd-maddWqybDLieWw5vXXYibx4eI42jcMy5dbuij3obB-j6Od-uKeDnud-q9UHZKeVdMiQfMToqBRwjOoT4E3EO0UOhESM0bcqGFNJsY03F1nM7w9le0KW:1tqWR2:OXr5H51upIlkjADReMpBu-sjFS_c_zpFbxJ3CdSLBlw",
        "expire_date": "2025-03-21T13:04:12.424"
    }
},
{
    "model": "sessions.session",
    "pk": "bq2zpi0actsl046zu3qoj991d4qvkp33",
    "fields": {
        "session_data": ".eJxVjEsOwiAUAK9iWFvCp_DaLt17BgLvgaAGkn5Wxrtrk266nZnMh6WI2btSC5bGJqaEMp3QnYCL1JMWk7QcoLdKsCtzfluz25Y4u0L_WOozDB5fse6Gnr4-GsdW17kEvif8sAu_N4rv29GeBtkvef9KqQeFyhpjrARMUUQTJKIHSzBS7-MoUyBQIxAKHIZAKYkRTA_JELHvD2fFQ00:1tqWqS:syJs7Aoo_Ew_5sKtxVvNqelnbpMO2pnAUJk95_rbBOg",
        "expire_date": "2025-03-21T13:30:28.752"
    }
},
{
    "model": "sessions.session",
    "pk": "fksdcuvoi3wsp02mwv3fkzzfn2u3mm7u",
    "fields": {
        "session_data": ".eJxVjEsOwiAUAK9iWFvCp_SVLt17BgLvgaAGkn5Wxrtrk266nZnMh6WI2btSC5bGJqaEMp3QnYCL1JPSk9RcgzJWsStzfluz25Y4u0L_WOozDB5fse6Gnr4-GsdW17kEvif8sAu_N4rv29GeBtkvef9KqUeFajDGDBIwRRFNkIgeBgJLvY9WpkCgLBAKHMdAKQkLpodkiNj3B2hcQ04:1tqWjd:Qj0eePxq2bIgrYKdtEGgEyIJsRlsiYeY8zjF1u-vm9g",
        "expire_date": "2025-03-21T13:23:25.794"
    }
},
{
    "model": "sessions.session",
    "pk": "glq5cwm4o1la2hayin0rqvfpt0htogut",
    "fields": {
        "session_data": ".eJxVjEEOwiAQRe_C2hAGKu24dO8ZyMCMUjWQlHZlevfapAvd_vfe_6hAy5zD0mQKI6uLAlCn3zFSeknZCT-pPKpOtczTGPWu6IM2fass7-vh_h1kavlbi--BnJz5DmSSR0BnOzaOQHwyMDB7J0C9BWsJ0EdhwNRZjDg4JFbrBvz1N8I:1tqWGl:iJPy71S2rOP278v-LD0EVbnY7ncTPb3pgoyR4Qn3Jbc",
        "expire_date": "2025-03-21T12:53:35.700"
    }
},
{
    "model": "sessions.session",
    "pk": "jlrimw6vmn6s2kthbdbsqn6a1lw5iksw",
    "fields": {
        "session_data": ".eJxVjDsOwyAQBa8SUceIBRuMy_Q5A1rYTSCJjORPFeXusSU3bt_MvK94cMoYylhSqWIQWumuUaZR7gLtADAYL12vtOnEVQRclxzWmadQaJMBzmPE9OZxJ_TC8VllquMylSh3RR50lvdK_Lkd7ukg45y3mq0DNNzRA1Al68Eb3ZIyCGyTgp7IGgZ0GrRG8DYygU-t9tH3xiOJ3x9pxkKc:1tqXUS:poMDljxZGiRc7mQJbZmIT85M73zWjZFwQHUn-MSAm5A",
        "expire_date": "2025-03-21T14:11:48.361"
    }
},
{
    "model": "sessions.session",
    "pk": "kt0uo5gwfog2ez4cchwe4gi7s581phhy",
    "fields": {
        "session_data": "eyJmZWNoYV9pbmljaW8iOiIyMDI1LTAzLTA3IDEzOjUxOjMyLjA5NTE0NCJ9:1tqXAq:Rf53jIbbpTaunoA_Cpp6-oTnsqe-xbf9OJpY_BLHf3U",
        "expire_date": "2025-03-21T13:51:32.134"
    }
},
{
    "model": "sessions.session",
    "pk": "lstlqac8aw91vweizajmlrwbsc6ktwmt",
    "fields": {
        "session_data": "eyJmZWNoYV9pbmljaW8iOiIyMDI1LTAzLTA3IDEzOjAwOjI0LjMzMzE5NiJ9:1tqWNM:VrtrHHJWU1bLkE_CO9eqGbabEPcn69BcQWu8n6z-NmY",
        "expire_date": "2025-03-21T13:00:24.359"
    }
},
{
    "model": "sessions.session",
    "pk": "xfo4mxfey80pcsbupxey6uia9c7gbflt",
    "fields": {
        "session_data": ".eJxVjMsOwiAQRX_FsLYEhoFil-79BgIzYFHTJn2sjP9um3Sh23vOPW8R4rr0YZ3zFCqLTmgU598xRXrmYSf8iMN9lDQOy1ST3BV50FneRs6v6-H-Bfo499vbpJSN4RI5JWeKTorY60zZIDJb48kDX5Q17DmzK0QA-kLJaVReo9uiJVMfQx0q1XErggLbKNOo9qSxA9VBKwHBIorPFxUjQ7k:1tqXcp:iHOw1vFb4Ej432uCVFUpn5DBx_tHNaNUARWGpr8_7ts",
        "expire_date": "2025-03-21T14:20:27.260"
    }
},
{
    "model": "sessions.session",
    "pk": "yt2b75pz4gmut7s0v4a2tqw6yok6s0qx",
    "fields": {
        "session_data": ".eJxdjEsOwiAUAK9iWFvCp_RBl-49A4H3wKIGkn5Wxrtrk250OzOZF8sJp-BLLVgaG5kSynRCdwJOUo-6H7XlDqzTmp2ZD9s6-W1Jsy_0jeUfjAEfqe6G7qHeGsdW17lEvif8sAu_NkrPy9H-DKawTPtXSm0VqsEYM0jAnEQyUSIGGAgc9SE5mSOBckAo0NpIOQsHpodsiNj7A3ZuQ2I:1tqWui:e4IiBZZiEcBKQbvwONTB7ZOt3YukQgzn6EcVoqRfMzE",
        "expire_date": "2025-03-21T13:34:52.160"
    }
},
{
    "model": "servidor.usuario",
    "pk": 1,
    "fields": {
        "password": "Put such economic property city light still machine. Heart only interest never discuss.\nCivil argue produce indeed.",
        "last_login": "1995-10-07T06:58:47.960",
        "is_superuser": false,
        "username": "petersjose",
        "first_name": "Heather",
        "last_name": "Kennedy",
        "email": "riosshawn@example.org",
        "is_staff": true,
        "is_active": true,
        "date_joined": "2025-03-07T12:42:52.063",
        "rol": 3,
        "email_confirmado": false,
        "fecha_registro": "2013-12-30T06:05:03.833",
        "ultima_conexion": "1988-05-03T22:52:38.192",
        "biografia": "Hair series receive manager. Evening something fill soon even later military common. Ball leader attention body.\nCommon ok add course risk game physical. Available open term whose page all too.",
        "telefono": "Mention me.",
        "groups": [],
        "user_permissions": []
    }
},
{
    "model": "servidor.usuario",
    "pk": 2,
    "fields": {
        "password": "Movement Congress character last task east both. Most responsibility ago stand last time night.",
        "last_login": "2015-11-11T19:00:56.715",
        "is_superuser": true,
        "username": "hrichard",
        "first_name": "Becky",
        "last_name": "Thomas",
        "email": "lewisjason@example.org",
        "is_staff": false,
        "is_active": true,
        "date_joined": "2025-03-07T12:42:52.063",
        "rol": 3,
        "email_confirmado": false,
        "fecha_registro": "1973-01-31T10:05:40.080",
        "ultima_conexion": "2019-01-08T15:53:02.636",
        "biografia": "Leave surface raise include sell purpose. Guess sign nation enter question. Simple thing still usually in.",
        "telefono": "Material eight.",
        "groups": [],
        "user_permissions": []
    }
},
{
    "model": "servidor.usuario",
    "pk": 3,
    "fields": {
        "password": "Size method happen language box.",
        "last_login": "2010-05-14T00:01:26.992",
        "is_superuser": false,
        "username": "rayjeffrey",
        "first_name": "April",
        "last_name": "Wilson",
        "email": "cwatson@example.net",
        "is_staff": false,
        "is_active": true,
        "date_joined": "2025-03-07T12:42:52.063",
        "rol": 3,
        "email_confirmado": false,
        "fecha_registro": "2018-05-27T19:33:41.067",
        "ultima_conexion": "2017-01-21T11:17:36.466",
        "biografia": "Receive argue watch method there. Floor require law six green.",
        "telefono": "Peace smile TV.",
        "groups": [],
        "user_permissions": []
    }
},
{
    "model": "servidor.usuario",
    "pk": 4,
    "fields": {
        "password": "Pm become wide memory color. Us stuff data process others. While exist charge maybe.",
        "last_login": "1970-03-28T17:23:08.887",
        "is_superuser": false,
        "username": "hwashington",
        "first_name": "Sarah",
        "last_name": "Deleon",
        "email": "ctate@example.com",
        "is_staff": false,
        "is_active": true,
        "date_joined": "2025-03-07T12:42:52.063",
        "rol": 3,
        "email_confirmado": false,
        "fecha_registro": "2017-10-21T17:20:51.136",
        "ultima_conexion": "2023-02-23T16:35:36.260",
        "biografia": "News record today hundred way during. Cover address admit discover pull particularly design. Discover popular customer already half identify.",
        "telefono": "Address.",
        "groups": [],
        "user_permissions": []
    }
},
{
    "model": "servidor.usuario",
    "pk": 5,
    "fields": {
        "password": "I figure run personal account region address.",
        "last_login": "1993-03-14T17:43:45.457",
        "is_superuser": false,
        "username": "amartin",
        "first_name": "Daniel",
        "last_name": "Byrd",
        "email": "hardywesley@example.org",
        "is_staff": true,
        "is_active": true,
        "date_joined": "2025-03-07T12:42:52.063",
        "rol": 3,
        "email_confirmado": true,
        "fecha_registro": "1982-04-10T10:01:00.455",
        "ultima_conexion": "2009-06-09T06:30:04.802",
        "biografia": "Personal road explain concern back beautiful everyone cover. Night southern group suffer.\nThreat glass drive open experience contain page organization. Change office position treat.",
        "telefono": "Exist discuss.",
        "groups": [],
        "user_permissions": []
    }
},
{
    "model": "servidor.usuario",
    "pk": 6,
    "fields": {
        "password": "Fact job treatment give exactly sometimes apply. Total institution perhaps decision team situation.",
        "last_login": "2017-06-08T00:03:34.220",
        "is_superuser": true,
        "username": "jackvelasquez",
        "first_name": "Christopher",
        "last_name": "Lee",
        "email": "stephaniecole@example.net",
        "is_staff": true,
        "is_active": true,
        "date_joined": "2025-03-07T12:42:52.063",
        "rol": 3,
        "email_confirmado": false,
        "fecha_registro": "2010-05-21T08:20:56.890",
        "ultima_conexion": "2004-09-18T12:11:24.802",
        "biografia": "Response however plan explain guy. Season student billion someone material join carry.\nIdea catch reality expert like early contain body. Draw person determine information.",
        "telefono": "Easy open.",
        "groups": [],
        "user_permissions": []
    }
},
{
    "model": "servidor.usuario",
    "pk": 7,
    "fields": {
        "password": "Total nothing accept family street white mention. Kind however star.",
        "last_login": "1978-09-27T06:18:26.303",
        "is_superuser": true,
        "username": "lgolden",
        "first_name": "Elizabeth",
        "last_name": "Schwartz",
        "email": "dkelley@example.org",
        "is_staff": true,
        "is_active": true,
        "date_joined": "2025-03-07T12:42:52.063",
        "rol": 3,
        "email_confirmado": false,
        "fecha_registro": "1989-12-15T17:26:20.493",
        "ultima_conexion": "2018-01-27T14:21:44.856",
        "biografia": "Provide face like there garden American ever space. Message perform program process remain. Camera easy care put.",
        "telefono": "Building.",
        "groups": [],
        "user_permissions": []
    }
},
{
    "model": "servidor.usuario",
    "pk": 8,
    "fields": {
        "password": "Trouble tell still word turn personal class send. Rule dark respond make learn too until.",
        "last_login": "2004-03-27T06:29:59.086",
        "is_superuser": true,
        "username": "justin57",
        "first_name": "Rachel",
        "last_name": "Ross",
        "email": "vgonzalez@example.org",
        "is_staff": true,
        "is_active": true,
        "date_joined": "2025-03-07T12:42:52.063",
        "rol": 3,
        "email_confirmado": true,
        "fecha_registro": "1993-06-20T22:06:16.753",
        "ultima_conexion": "1987-04-02T15:21:09.777",
        "biografia": "Long wind paper nothing at huge mission. Would serious fire security begin new control.",
        "telefono": "Tonight her.",
        "groups": [],
        "user_permissions": []
    }
},
{
    "model": "servidor.usuario",
    "pk": 9,
    "fields": {
        "password": "Season author probably develop federal real. Value course summer when word.",
        "last_login": "1995-06-29T17:39:30.909",
        "is_superuser": true,
        "username": "brandi05",
        "first_name": "Angela",
        "last_name": "Garcia",
        "email": "cjones@example.org",
        "is_staff": false,
        "is_active": true,
        "date_joined": "2025-03-07T12:42:52.063",
        "rol": 3,
        "email_confirmado": true,
        "fecha_registro": "2022-08-05T12:36:53.316",
        "ultima_conexion": "1999-12-31T12:59:40.815",
        "biografia": "In model tell position chance staff view. Simple require receive.\nEvening cause else story include open candidate. Vote move do garden view window husband. Hotel each light.",
        "telefono": "Agency.",
        "groups": [],
        "user_permissions": []
    }
},
{
    "model": "servidor.usuario",
    "pk": 10,
    "fields": {
        "password": "Risk choose example land impact drug bank. Event catch foot hold mouth. Rock involve explain can.",
        "last_login": "2001-08-29T18:32:33.964",
        "is_superuser": false,
        "username": "smithmichelle",
        "first_name": "Angela",
        "last_name": "Valdez",
        "email": "michael16@example.net",
        "is_staff": false,
        "is_active": true,
        "date_joined": "2025-03-07T12:42:52.063",
        "rol": 3,
        "email_confirmado": true,
        "fecha_registro": "1970-09-21T20:28:55.845",
        "ultima_conexion": "1989-07-20T20:43:40.912",
        "biografia": "Raise information Mr defense position loss end song. Wind call board.\nHotel three nearly various. Capital number plan key least wall. Get more ready present.",
        "telefono": "Step there.",
        "groups": [],
        "user_permissions": []
    }
},
{
    "model": "servidor.usuario",
    "pk": 11,
    "fields": {
        "password": "pbkdf2_sha256$870000$Xc1cbs8aRgfrlYSRGmENio$t1P7JuU/v1tG+Upm3P7Pp7gIPffyaUaips8nCO/ElUE=",
        "last_login": "2025-03-07T14:17:49.628",
        "is_superuser": true,
        "username": "fran",
        "first_name": "",
        "last_name": "",
        "email": "",
        "is_staff": true,
        "is_active": true,
        "date_joined": "2025-03-07T12:45:17.025",
        "rol": 3,
        "email_confirmado": false,
        "fecha_registro": "2025-03-07T12:45:17.470",
        "ultima_conexion": "2025-03-07T12:45:17.470",
        "biografia": null,
        "telefono": null,
        "groups": [],
        "user_permissions": []
    }
},
{
    "model": "servidor.usuario",
    "pk": 12,
    "fields": {
        "password": "pbkdf2_sha256$870000$B4BYTSqsvD1yQoadT3LbEC$/gLYoonBLlIS/4UT8UboYr+uls5i9HrtPPggjIv94nU=",
        "last_login": "2025-03-07T13:18:52.883",
        "is_superuser": false,
        "username": "nelson",
        "first_name": "",
        "last_name": "",
        "email": "francisco.rivera.gil.al@iespoligonosur.org",
        "is_staff": false,
        "is_active": true,
        "date_joined": "2025-03-07T13:18:34.049",
        "rol": 2,
        "email_confirmado": false,
        "fecha_registro": "2025-03-07T13:18:34.527",
        "ultima_conexion": "2025-03-07T13:18:34.527",
        "biografia": null,
        "telefono": null,
        "groups": [
            2
        ],
        "user_permissions": []
    }
},
{
    "model": "servidor.usuario",
    "pk": 13,
    "fields": {
        "password": "pbkdf2_sha256$870000$vaHBp6PO4ojiudTRyYwZKP$/FSDiDCS5skarkrQl+/QAKdmwtiDNymgt1N3el1VSEc=",
        "last_login": "2025-03-07T13:34:52.135",
        "is_superuser": false,
        "username": "paco",
        "first_name": "",
        "last_name": "",
        "email": "francisco.rivera.gil.al@iespoligonosur.org",
        "is_staff": false,
        "is_active": true,
        "date_joined": "2025-03-07T13:19:18.194",
        "rol": 2,
        "email_confirmado": false,
        "fecha_registro": "2025-03-07T13:19:18.715",
        "ultima_conexion": "2025-03-07T13:19:18.715",
        "biografia": null,
        "telefono": null,
        "groups": [
            2
        ],
        "user_permissions": []
    }
},
{
    "model": "servidor.usuario",
    "pk": 14,
    "fields": {
        "password": "pbkdf2_sha256$870000$fxf3w7R4gxt1QwlO5XnP2h$zq8PdZJrmIZp0NaZPPMQ6zxs5rTgcIAEytOrQN6NLD0=",
        "last_login": "2025-03-07T14:20:27.206",
        "is_superuser": false,
        "username": "ttt",
        "first_name": "",
        "last_name": "",
        "email": "francisco.rivera.gil.al@iespoligonosur.org",
        "is_staff": false,
        "is_active": true,
        "date_joined": "2025-03-07T14:20:26.698",
        "rol": 2,
        "email_confirmado": false,
        "fecha_registro": "2025-03-07T14:20:27.193",
        "ultima_conexion": "2025-03-07T14:20:27.193",
        "biografia": null,
        "telefono": null,
        "groups": [
            2
        ],
        "user_permissions": []
    }
},
{
    "model": "servidor.creadordeaplicaciones",
    "pk": 1,
    "fields": {
        "usuario": 7,
        "apps_creadas": [
            4,
            7,
            9
        ]
    }
},
{
    "model": "servidor.creadordeaplicaciones",
    "pk": 2,
    "fields": {
        "usuario": 10,
        "apps_creadas": [
            9
        ]
    }
},
{
    "model": "servidor.creadordeaplicaciones",
    "pk": 3,
    "fields": {
        "usuario": 6,
        "apps_creadas": [
            3,
            5
        ]
    }
},
{
    "model": "servidor.creadordeaplicaciones",
    "pk": 4,
    "fields": {
        "usuario": 1,
        "apps_creadas": [
            5
        ]
    }
},
{
    "model": "servidor.creadordeaplicaciones",
    "pk": 5,
    "fields": {
        "usuario": 2,
        "apps_creadas": [
            8
        ]
    }
},
{
    "model": "servidor.creadordeaplicaciones",
    "pk": 6,
    "fields": {
        "usuario": 9,
        "apps_creadas": [
            5,
            6,
            7
        ]
    }
},
{
    "model": "servidor.creadordeaplicaciones",
    "pk": 7,
    "fields": {
        "usuario": 4,
        "apps_creadas": [
            1,
            5,
            8
        ]
    }
},
{
    "model": "servidor.creadordeaplicaciones",
    "pk": 8,
    "fields": {
        "usuario": 5,
        "apps_creadas": [
            10
        ]
    }
},
{
    "model": "servidor.creadordeaplicaciones",
    "pk": 9,
    "fields": {
        "usuario": 3,
        "apps_creadas": [
            5
        ]
    }
},
{
    "model": "servidor.creadordeaplicaciones",
    "pk": 10,
    "fields": {
        "usuario": 8,
        "apps_creadas": [
            5,
            9
        ]
    }
},
{
    "model": "servidor.creadordeaplicaciones",
    "pk": 11,
    "fields": {
        "usuario": 12,
        "apps_creadas": []
    }
},
{
    "model": "servidor.creadordeaplicaciones",
    "pk": 12,
    "fields": {
        "usuario": 13,
        "apps_creadas": []
    }
},
{
    "model": "servidor.creadordeaplicaciones",
    "pk": 13,
    "fields": {
        "usuario": 14,
        "apps_creadas": []
    }
},
{
    "model": "servidor.clienteapp",
    "pk": 1,
    "fields": {
        "usuario": 8,
        "apps_favoritas": [
            6
        ]
    }
},
{
    "model": "servidor.clienteapp",
    "pk": 2,
    "fields": {
        "usuario": 5,
        "apps_favoritas": [
            7
        ]
    }
},
{
    "model": "servidor.clienteapp",
    "pk": 3,
    "fields": {
        "usuario": 9,
        "apps_favoritas": [
            7,
            9
        ]
    }
},
{
    "model": "servidor.clienteapp",
    "pk": 4,
    "fields": {
        "usuario": 6,
        "apps_favoritas": [
            3,
            8
        ]
    }
},
{
    "model": "servidor.clienteapp",
    "pk": 5,
    "fields": {
        "usuario": 4,
        "apps_favoritas": [
            5,
            9
        ]
    }
},
{
    "model": "servidor.clienteapp",
    "pk": 6,
    "fields": {
        "usuario": 2,
        "apps_favoritas": [
            4,
            9
        ]
    }
},
{
    "model": "servidor.clienteapp",
    "pk": 7,
    "fields": {
        "usuario": 7,
        "apps_favoritas": [
            7,
            9
        ]
    }
},
{
    "model": "servidor.clienteapp",
    "pk": 8,
    "fields": {
        "usuario": 1,
        "apps_favoritas": [
            8
        ]
    }
},
{
    "model": "servidor.clienteapp",
    "pk": 9,
    "fields": {
        "usuario": 10,
        "apps_favoritas": [
            1,
            8
        ]
    }
},
{
    "model": "servidor.clienteapp",
    "pk": 10,
    "fields": {
        "usuario": 3,
        "apps_favoritas": [
            6,
            9
        ]
    }
},
{
    "model": "servidor.mobileapp",
    "pk": 1,
    "fields": {
        "nombre": "Throw around through continue. Federal set trouble turn your for. Sometimes show consider trouble.",
        "descripcion": "Wear wonder treat story again man. Science fight yet left that.\nAmount respond pick subject product offer method discussion. Candidate race somebody.",
        "fecha_creacion": "2025-03-07T12:42:52.063"
    }
},
{
    "model": "servidor.mobileapp",
    "pk": 2,
    "fields": {
        "nombre": "Herself authority painting per culture debate risk ten. Act together piece store culture.",
        "descripcion": "Bank worry explain. Huge identify site too.\nHuge and history serve scene perform performance. Opportunity husband success month. Give through how executive hope PM.",
        "fecha_creacion": "2025-03-07T12:42:52.063"
    }
},
{
    "model": "servidor.mobileapp",
    "pk": 3,
    "fields": {
        "nombre": "Difference involve market owner rock dream table.",
        "descripcion": "Spring accept floor force chair recognize nice choice. Worker yet because big fight show audience.",
        "fecha_creacion": "2025-03-07T12:42:52.063"
    }
},
{
    "model": "servidor.mobileapp",
    "pk": 4,
    "fields": {
        "nombre": "Later leave training nation lose perhaps sell. Whose water here official just.",
        "descripcion": "Far camera player less behavior serious eight black. Cold politics buy evening magazine for especially. Far degree ok past.",
        "fecha_creacion": "2025-03-07T12:42:52.063"
    }
},
{
    "model": "servidor.mobileapp",
    "pk": 5,
    "fields": {
        "nombre": "So professor be best. Age thank gun art mean seat third state.",
        "descripcion": "Include black according then into follow almost. Technology past address fund minute.\nStar sort officer. Father west structure past nothing.",
        "fecha_creacion": "2025-03-07T12:42:52.063"
    }
},
{
    "model": "servidor.mobileapp",
    "pk": 6,
    "fields": {
        "nombre": "Shake site into TV move. Material clear less case gas woman news. Break raise three.",
        "descripcion": "Fear central receive watch. Fear of pressure season real shoulder.\nMusic mother structure yourself mouth. South fly process sister. Dark laugh able the national though debate.",
        "fecha_creacion": "2025-03-07T12:42:52.063"
    }
},
{
    "model": "servidor.mobileapp",
    "pk": 7,
    "fields": {
        "nombre": "Along amount spend area can. Power despite top far rate long skill. Loss finally within reduce.",
        "descripcion": "Produce group someone head visit. History else vote nearly.\nDoor imagine before school national either best either. Player lose next officer.",
        "fecha_creacion": "2025-03-07T12:42:52.063"
    }
},
{
    "model": "servidor.mobileapp",
    "pk": 8,
    "fields": {
        "nombre": "Reason person treatment financial baby. Group so against.",
        "descripcion": "Continue television single. Room understand much. Above while low unit watch nice.\nRisk speech smile seem purpose. Often guy arm he task later. Cut onto ability.",
        "fecha_creacion": "2025-03-07T12:42:52.063"
    }
},
{
    "model": "servidor.mobileapp",
    "pk": 9,
    "fields": {
        "nombre": "Stage change that second. Why social listen should fear.",
        "descripcion": "Your season benefit next end. Every whole collection paper health one. Into money question husband top.\nItself despite third morning contain.\nAny themselves population whatever.",
        "fecha_creacion": "2025-03-07T12:42:52.063"
    }
},
{
    "model": "servidor.mobileapp",
    "pk": 10,
    "fields": {
        "nombre": "Name something red just hand. Serious eye red beyond staff.",
        "descripcion": "Send year grow officer piece than. Finish experience those central arrive group.\nFuture begin prove center plant building. Anything out story seem by half.",
        "fecha_creacion": "2025-03-07T12:42:52.063"
    }
},
{
    "model": "servidor.mobileapp",
    "pk": 11,
    "fields": {
        "nombre": "rr",
        "descripcion": "gthtth",
        "fecha_creacion": "2025-03-07T00:00:00"
    }
},
{
    "model": "servidor.comentario",
    "pk": 1,
    "fields": {
        "texto": "Production many year director rule term spring. Why pattern specific practice their thousand buy. Section camera land street face drive of. Choose customer until special TV begin matter least.",
        "app": 7,
        "usuario": 8,
        "fecha_creacion": "2025-03-07T12:42:52.063",
        "calificacion": 5
    }
},
{
    "model": "servidor.comentario",
    "pk": 2,
    "fields": {
        "texto": "Over work continue player. Store short southern number suffer dark. Share win bit win whether of.\nWhole nothing reality wind gas than large hair. Energy same sense raise policy.",
        "app": 1,
        "usuario": 3,
        "fecha_creacion": "2025-03-07T12:42:52.063",
        "calificacion": 5
    }
},
{
    "model": "servidor.comentario",
    "pk": 3,
    "fields": {
        "texto": "From figure but later chair. Increase last its their.\nSeem prevent month soon. Money break imagine leg bed.",
        "app": 10,
        "usuario": 3,
        "fecha_creacion": "2025-03-07T12:42:52.063",
        "calificacion": 5
    }
},
{
    "model": "servidor.comentario",
    "pk": 4,
    "fields": {
        "texto": "Explain money language matter benefit kitchen. Rich defense amount able also hospital sound.\nCreate fall then if. Cut full own sell. And day forward.",
        "app": 3,
        "usuario": 7,
        "fecha_creacion": "2025-03-07T12:42:52.063",
        "calificacion": 5
    }
},
{
    "model": "servidor.comentario",
    "pk": 5,
    "fields": {
        "texto": "Strategy action early chair treatment. Including language local grow. Pressure instead take garden arrive science project.",
        "app": 2,
        "usuario": 7,
        "fecha_creacion": "2025-03-07T12:42:52.063",
        "calificacion": 5
    }
},
{
    "model": "servidor.comentario",
    "pk": 6,
    "fields": {
        "texto": "Sit just continue he TV hair admit real. Standard church history also goal.\nTime significant phone difference past.\nChallenge born camera she. Institution arrive may challenge couple including have.",
        "app": 8,
        "usuario": 4,
        "fecha_creacion": "2025-03-07T12:42:52.063",
        "calificacion": 5
    }
},
{
    "model": "servidor.comentario",
    "pk": 7,
    "fields": {
        "texto": "When window travel. Sound cultural morning each.\nTree quite statement quality read add across appear. Kitchen poor trial sell fall.\nAlso father may race station recognize. Attorney only determine.",
        "app": 9,
        "usuario": 7,
        "fecha_creacion": "2025-03-07T12:42:52.063",
        "calificacion": 5
    }
},
{
    "model": "servidor.comentario",
    "pk": 8,
    "fields": {
        "texto": "Enjoy need half who they him. Discuss father box consider.\nThree media rock I opportunity final. Others state grow high. Success concern what behind wide natural.",
        "app": 6,
        "usuario": 4,
        "fecha_creacion": "2025-03-07T12:42:52.063",
        "calificacion": 5
    }
},
{
    "model": "servidor.comentario",
    "pk": 9,
    "fields": {
        "texto": "Them employee glass world recognize. Pretty science rich.\nSituation fight interesting interesting hotel.",
        "app": 6,
        "usuario": 10,
        "fecha_creacion": "2025-03-07T12:42:52.063",
        "calificacion": 5
    }
},
{
    "model": "servidor.comentario",
    "pk": 10,
    "fields": {
        "texto": "Take specific tree read shake Mr animal why. Capital student and arm prevent.\nReality fast result surface red huge. Cold hour learn case.",
        "app": 1,
        "usuario": 6,
        "fecha_creacion": "2025-03-07T12:42:52.063",
        "calificacion": 5
    }
}
]
